<?xml version="1.0" encoding="UTF-8"?><rss version="2.0"
	xmlns:content="http://purl.org/rss/1.0/modules/content/"
	xmlns:wfw="http://wellformedweb.org/CommentAPI/"
	xmlns:dc="http://purl.org/dc/elements/1.1/"
	xmlns:atom="http://www.w3.org/2005/Atom"
	xmlns:sy="http://purl.org/rss/1.0/modules/syndication/"
	xmlns:slash="http://purl.org/rss/1.0/modules/slash/"
	>

<channel>
	<title>biscotti &#8211; panetteria1</title>
	<atom:link href="http://localhost/panetteria1/tag-prodotto/biscotti/feed/?simply_static_page=756" rel="self" type="application/rss+xml" />
	<link></link>
	<description></description>
	<lastBuildDate>Sat, 25 Mar 2023 14:21:43 +0000</lastBuildDate>
	<language>it-IT</language>
	<sy:updatePeriod>
	hourly	</sy:updatePeriod>
	<sy:updateFrequency>
	1	</sy:updateFrequency>
	<generator>https://wordpress.org/?v=6.1.1</generator>
	<item>
		<title>Biscotti Artigianali</title>
		<link>/prodotto/biscotti-artigianali/</link>
					<comments>/prodotto/biscotti-artigianali/#respond</comments>
		
		<dc:creator><![CDATA[samuele]]></dc:creator>
		<pubDate>Sat, 25 Mar 2023 14:21:43 +0000</pubDate>
				<guid isPermaLink="false">/?post_type=product#038;p=279</guid>

					<description><![CDATA[Biscotti Artigianali]]></description>
										<content:encoded><![CDATA[<p>Biscotti Artigianali preparati a mano, SENZA GLUTINE.</p>
]]></content:encoded>
					
					<wfw:commentRss>/prodotto/biscotti-artigianali/feed/</wfw:commentRss>
			<slash:comments>0</slash:comments>
		
		
			</item>
	</channel>
</rss>
