<?xml version="1.0" encoding="UTF-8"?><rss version="2.0"
	xmlns:content="http://purl.org/rss/1.0/modules/content/"
	xmlns:wfw="http://wellformedweb.org/CommentAPI/"
	xmlns:dc="http://purl.org/dc/elements/1.1/"
	xmlns:atom="http://www.w3.org/2005/Atom"
	xmlns:sy="http://purl.org/rss/1.0/modules/syndication/"
	xmlns:slash="http://purl.org/rss/1.0/modules/slash/"
	>

<channel>
	<title>focacce &#8211; panetteria1</title>
	<atom:link href="http://localhost/panetteria1/categoria-prodotto/focacce/feed/?simply_static_page=767" rel="self" type="application/rss+xml" />
	<link></link>
	<description></description>
	<lastBuildDate>Sat, 25 Mar 2023 14:20:11 +0000</lastBuildDate>
	<language>it-IT</language>
	<sy:updatePeriod>
	hourly	</sy:updatePeriod>
	<sy:updateFrequency>
	1	</sy:updateFrequency>
	<generator>https://wordpress.org/?v=6.1.1</generator>
	<item>
		<title>Focacce Artigianali</title>
		<link>/prodotto/focacce-artigianali/</link>
					<comments>/prodotto/focacce-artigianali/#respond</comments>
		
		<dc:creator><![CDATA[samuele]]></dc:creator>
		<pubDate>Sat, 25 Mar 2023 14:20:11 +0000</pubDate>
				<guid isPermaLink="false">/?post_type=product#038;p=278</guid>

					<description><![CDATA[Focacce dolci artigianali preparate a mano]]></description>
										<content:encoded><![CDATA[<p>Focacce dolci artigianali preparate a mano, set di 6 focacce preparate in giornata</p>
]]></content:encoded>
					
					<wfw:commentRss>/prodotto/focacce-artigianali/feed/</wfw:commentRss>
			<slash:comments>0</slash:comments>
		
		
			</item>
	</channel>
</rss>
